id,label
hi_hasoc_2021_5,OFFN
hi_hasoc_2021_7,NONE
hi_hasoc_2021_12,NONE
hi_hasoc_2021_13,NONE
hi_hasoc_2021_15,NONE
hi_hasoc_2021_17,HATE
hi_hasoc_2021_18,NONE
hi_hasoc_2021_19,NONE
hi_hasoc_2021_20,NONE
hi_hasoc_2021_26,NONE
hi_hasoc_2021_31,NONE
hi_hasoc_2021_33,NONE
hi_hasoc_2021_35,NONE
hi_hasoc_2021_53,OFFN
hi_hasoc_2021_54,OFFN
hi_hasoc_2021_59,NONE
hi_hasoc_2021_63,NONE
hi_hasoc_2021_65,NONE
hi_hasoc_2021_69,NONE
hi_hasoc_2021_74,NONE
hi_hasoc_2021_78,OFFN
hi_hasoc_2021_85,NONE
hi_hasoc_2021_87,NONE
hi_hasoc_2021_89,NONE
hi_hasoc_2021_91,NONE
hi_hasoc_2021_94,NONE
hi_hasoc_2021_95,NONE
hi_hasoc_2021_100,NONE
hi_hasoc_2021_101,NONE
hi_hasoc_2021_104,NONE
hi_hasoc_2021_105,OFFN
hi_hasoc_2021_107,NONE
hi_hasoc_2021_109,NONE
hi_hasoc_2021_111,NONE
hi_hasoc_2021_112,NONE
hi_hasoc_2021_114,NONE
hi_hasoc_2021_120,OFFN
hi_hasoc_2021_133,NONE
hi_hasoc_2021_140,NONE
hi_hasoc_2021_144,NONE
hi_hasoc_2021_145,NONE
hi_hasoc_2021_147,NONE
hi_hasoc_2021_151,OFFN
hi_hasoc_2021_153,NONE
hi_hasoc_2021_172,NONE
hi_hasoc_2021_173,NONE
hi_hasoc_2021_181,NONE
hi_hasoc_2021_190,NONE
hi_hasoc_2021_191,NONE
hi_hasoc_2021_192,NONE
hi_hasoc_2021_197,NONE
hi_hasoc_2021_202,NONE
hi_hasoc_2021_203,OFFN
hi_hasoc_2021_211,NONE
hi_hasoc_2021_212,NONE
hi_hasoc_2021_214,NONE
hi_hasoc_2021_217,NONE
hi_hasoc_2021_224,NONE
hi_hasoc_2021_235,NONE
hi_hasoc_2021_237,NONE
hi_hasoc_2021_238,NONE
hi_hasoc_2021_250,NONE
hi_hasoc_2021_251,NONE
hi_hasoc_2021_252,NONE
hi_hasoc_2021_253,NONE
hi_hasoc_2021_259,NONE
hi_hasoc_2021_260,NONE
hi_hasoc_2021_262,NONE
hi_hasoc_2021_268,NONE
hi_hasoc_2021_276,NONE
hi_hasoc_2021_278,NONE
hi_hasoc_2021_283,NONE
hi_hasoc_2021_286,NONE
hi_hasoc_2021_287,NONE
hi_hasoc_2021_288,NONE
hi_hasoc_2021_295,NONE
hi_hasoc_2021_300,NONE
hi_hasoc_2021_304,NONE
hi_hasoc_2021_305,NONE
hi_hasoc_2021_306,NONE
hi_hasoc_2021_308,NONE
hi_hasoc_2021_314,NONE
hi_hasoc_2021_315,NONE
hi_hasoc_2021_316,NONE
hi_hasoc_2021_320,NONE
hi_hasoc_2021_333,NONE
hi_hasoc_2021_345,NONE
hi_hasoc_2021_349,NONE
hi_hasoc_2021_350,NONE
hi_hasoc_2021_353,NONE
hi_hasoc_2021_355,NONE
hi_hasoc_2021_356,NONE
hi_hasoc_2021_358,NONE
hi_hasoc_2021_360,NONE
hi_hasoc_2021_368,NONE
hi_hasoc_2021_369,NONE
hi_hasoc_2021_372,NONE
hi_hasoc_2021_374,NONE
hi_hasoc_2021_382,NONE
hi_hasoc_2021_383,NONE
hi_hasoc_2021_396,NONE
hi_hasoc_2021_397,NONE
hi_hasoc_2021_399,NONE
hi_hasoc_2021_403,NONE
hi_hasoc_2021_404,NONE
hi_hasoc_2021_409,NONE
hi_hasoc_2021_412,NONE
hi_hasoc_2021_424,NONE
hi_hasoc_2021_425,NONE
hi_hasoc_2021_427,NONE
hi_hasoc_2021_433,NONE
hi_hasoc_2021_434,NONE
hi_hasoc_2021_436,NONE
hi_hasoc_2021_437,NONE
hi_hasoc_2021_448,NONE
hi_hasoc_2021_459,NONE
hi_hasoc_2021_460,HATE
hi_hasoc_2021_463,NONE
hi_hasoc_2021_465,NONE
hi_hasoc_2021_471,NONE
hi_hasoc_2021_472,NONE
hi_hasoc_2021_474,OFFN
hi_hasoc_2021_476,NONE
hi_hasoc_2021_479,NONE
hi_hasoc_2021_484,NONE
hi_hasoc_2021_493,NONE
hi_hasoc_2021_500,NONE
hi_hasoc_2021_507,NONE
hi_hasoc_2021_511,NONE
hi_hasoc_2021_512,OFFN
hi_hasoc_2021_514,NONE
hi_hasoc_2021_515,NONE
hi_hasoc_2021_516,NONE
hi_hasoc_2021_524,OFFN
hi_hasoc_2021_525,OFFN
hi_hasoc_2021_529,NONE
hi_hasoc_2021_530,NONE
hi_hasoc_2021_534,NONE
hi_hasoc_2021_535,NONE
hi_hasoc_2021_541,NONE
hi_hasoc_2021_545,OFFN
hi_hasoc_2021_547,NONE
hi_hasoc_2021_548,NONE
hi_hasoc_2021_553,NONE
hi_hasoc_2021_556,NONE
hi_hasoc_2021_559,NONE
hi_hasoc_2021_560,NONE
hi_hasoc_2021_568,NONE
hi_hasoc_2021_572,NONE
hi_hasoc_2021_578,NONE
hi_hasoc_2021_582,NONE
hi_hasoc_2021_600,NONE
hi_hasoc_2021_604,NONE
hi_hasoc_2021_605,NONE
hi_hasoc_2021_606,NONE
hi_hasoc_2021_608,NONE
hi_hasoc_2021_609,NONE
hi_hasoc_2021_610,NONE
hi_hasoc_2021_611,NONE
hi_hasoc_2021_613,NONE
hi_hasoc_2021_618,NONE
hi_hasoc_2021_620,NONE
hi_hasoc_2021_622,NONE
hi_hasoc_2021_624,NONE
hi_hasoc_2021_631,NONE
hi_hasoc_2021_642,NONE
hi_hasoc_2021_648,NONE
hi_hasoc_2021_651,NONE
hi_hasoc_2021_653,NONE
hi_hasoc_2021_654,NONE
hi_hasoc_2021_655,NONE
hi_hasoc_2021_656,NONE
hi_hasoc_2021_661,NONE
hi_hasoc_2021_662,NONE
hi_hasoc_2021_678,NONE
hi_hasoc_2021_690,NONE
hi_hasoc_2021_695,NONE
hi_hasoc_2021_696,NONE
hi_hasoc_2021_699,NONE
hi_hasoc_2021_702,NONE
hi_hasoc_2021_705,NONE
hi_hasoc_2021_706,NONE
hi_hasoc_2021_710,NONE
hi_hasoc_2021_712,NONE
hi_hasoc_2021_717,PRFN
hi_hasoc_2021_719,NONE
hi_hasoc_2021_725,NONE
hi_hasoc_2021_729,NONE
hi_hasoc_2021_731,NONE
hi_hasoc_2021_737,NONE
hi_hasoc_2021_738,NONE
hi_hasoc_2021_739,NONE
hi_hasoc_2021_740,NONE
hi_hasoc_2021_746,NONE
hi_hasoc_2021_751,NONE
hi_hasoc_2021_754,NONE
hi_hasoc_2021_755,NONE
hi_hasoc_2021_760,OFFN
hi_hasoc_2021_761,NONE
hi_hasoc_2021_770,NONE
hi_hasoc_2021_771,NONE
hi_hasoc_2021_773,NONE
hi_hasoc_2021_775,NONE
hi_hasoc_2021_777,NONE
hi_hasoc_2021_782,NONE
hi_hasoc_2021_788,NONE
hi_hasoc_2021_790,NONE
hi_hasoc_2021_791,NONE
hi_hasoc_2021_793,NONE
hi_hasoc_2021_794,NONE
hi_hasoc_2021_796,NONE
hi_hasoc_2021_808,NONE
hi_hasoc_2021_815,NONE
hi_hasoc_2021_818,NONE
hi_hasoc_2021_820,NONE
hi_hasoc_2021_822,NONE
hi_hasoc_2021_825,NONE
hi_hasoc_2021_829,NONE
hi_hasoc_2021_830,NONE
hi_hasoc_2021_832,NONE
hi_hasoc_2021_842,NONE
hi_hasoc_2021_847,NONE
hi_hasoc_2021_850,OFFN
hi_hasoc_2021_854,NONE
hi_hasoc_2021_855,NONE
hi_hasoc_2021_860,NONE
hi_hasoc_2021_863,NONE
hi_hasoc_2021_865,NONE
hi_hasoc_2021_870,NONE
hi_hasoc_2021_875,NONE
hi_hasoc_2021_876,OFFN
hi_hasoc_2021_878,NONE
hi_hasoc_2021_882,NONE
hi_hasoc_2021_887,NONE
hi_hasoc_2021_896,NONE
hi_hasoc_2021_900,NONE
hi_hasoc_2021_910,NONE
hi_hasoc_2021_911,NONE
hi_hasoc_2021_921,NONE
hi_hasoc_2021_922,NONE
hi_hasoc_2021_926,NONE
hi_hasoc_2021_930,NONE
hi_hasoc_2021_931,NONE
hi_hasoc_2021_935,NONE
hi_hasoc_2021_937,NONE
hi_hasoc_2021_939,NONE
hi_hasoc_2021_944,NONE
hi_hasoc_2021_945,NONE
hi_hasoc_2021_946,NONE
hi_hasoc_2021_951,NONE
hi_hasoc_2021_952,NONE
hi_hasoc_2021_958,NONE
hi_hasoc_2021_959,NONE
hi_hasoc_2021_961,NONE
hi_hasoc_2021_962,NONE
hi_hasoc_2021_966,NONE
hi_hasoc_2021_973,NONE
hi_hasoc_2021_975,NONE
hi_hasoc_2021_978,NONE
hi_hasoc_2021_981,NONE
hi_hasoc_2021_985,NONE
hi_hasoc_2021_997,NONE
hi_hasoc_2021_1001,NONE
hi_hasoc_2021_1003,NONE
hi_hasoc_2021_1013,HATE
hi_hasoc_2021_1014,NONE
hi_hasoc_2021_1016,NONE
hi_hasoc_2021_1023,NONE
hi_hasoc_2021_1028,NONE
hi_hasoc_2021_1039,OFFN
hi_hasoc_2021_1043,OFFN
hi_hasoc_2021_1044,NONE
hi_hasoc_2021_1045,NONE
hi_hasoc_2021_1046,OFFN
hi_hasoc_2021_1048,NONE
hi_hasoc_2021_1050,NONE
hi_hasoc_2021_1054,NONE
hi_hasoc_2021_1057,NONE
hi_hasoc_2021_1059,NONE
hi_hasoc_2021_1060,NONE
hi_hasoc_2021_1064,NONE
hi_hasoc_2021_1068,NONE
hi_hasoc_2021_1069,NONE
hi_hasoc_2021_1074,NONE
hi_hasoc_2021_1076,NONE
hi_hasoc_2021_1078,NONE
hi_hasoc_2021_1089,NONE
hi_hasoc_2021_1091,OFFN
hi_hasoc_2021_1110,NONE
hi_hasoc_2021_1115,OFFN
hi_hasoc_2021_1116,NONE
hi_hasoc_2021_1117,NONE
hi_hasoc_2021_1119,HATE
hi_hasoc_2021_1129,NONE
hi_hasoc_2021_1132,NONE
hi_hasoc_2021_1140,OFFN
hi_hasoc_2021_1141,NONE
hi_hasoc_2021_1148,NONE
hi_hasoc_2021_1150,NONE
hi_hasoc_2021_1152,NONE
hi_hasoc_2021_1153,NONE
hi_hasoc_2021_1162,NONE
hi_hasoc_2021_1170,NONE
hi_hasoc_2021_1171,NONE
hi_hasoc_2021_1173,OFFN
hi_hasoc_2021_1198,NONE
hi_hasoc_2021_1199,NONE
hi_hasoc_2021_1202,NONE
hi_hasoc_2021_1203,NONE
hi_hasoc_2021_1208,NONE
hi_hasoc_2021_1209,NONE
hi_hasoc_2021_1213,NONE
hi_hasoc_2021_1214,OFFN
hi_hasoc_2021_1215,OFFN
hi_hasoc_2021_1217,NONE
hi_hasoc_2021_1222,NONE
hi_hasoc_2021_1229,NONE
hi_hasoc_2021_1236,NONE
hi_hasoc_2021_1237,NONE
hi_hasoc_2021_1238,NONE
hi_hasoc_2021_1240,NONE
hi_hasoc_2021_1241,NONE
hi_hasoc_2021_1244,NONE
hi_hasoc_2021_1245,OFFN
hi_hasoc_2021_1246,NONE
hi_hasoc_2021_1251,NONE
hi_hasoc_2021_1254,NONE
hi_hasoc_2021_1262,NONE
hi_hasoc_2021_1263,NONE
hi_hasoc_2021_1265,NONE
hi_hasoc_2021_1266,NONE
hi_hasoc_2021_1269,NONE
hi_hasoc_2021_1271,NONE
hi_hasoc_2021_1272,NONE
hi_hasoc_2021_1273,OFFN
hi_hasoc_2021_1276,NONE
hi_hasoc_2021_1280,NONE
hi_hasoc_2021_1293,NONE
hi_hasoc_2021_1295,NONE
hi_hasoc_2021_1297,NONE
hi_hasoc_2021_1300,NONE
hi_hasoc_2021_1302,NONE
hi_hasoc_2021_1305,NONE
hi_hasoc_2021_1307,OFFN
hi_hasoc_2021_1309,NONE
hi_hasoc_2021_1310,NONE
hi_hasoc_2021_1318,PRFN
hi_hasoc_2021_1323,HATE
hi_hasoc_2021_1326,NONE
hi_hasoc_2021_1327,NONE
hi_hasoc_2021_1329,OFFN
hi_hasoc_2021_1330,NONE
hi_hasoc_2021_1332,NONE
hi_hasoc_2021_1334,NONE
hi_hasoc_2021_1336,NONE
hi_hasoc_2021_1337,NONE
hi_hasoc_2021_1340,NONE
hi_hasoc_2021_1342,NONE
hi_hasoc_2021_1347,NONE
hi_hasoc_2021_1348,NONE
hi_hasoc_2021_1349,NONE
hi_hasoc_2021_1355,PRFN
hi_hasoc_2021_1359,NONE
hi_hasoc_2021_1368,OFFN
hi_hasoc_2021_1370,NONE
hi_hasoc_2021_1379,NONE
hi_hasoc_2021_1388,NONE
hi_hasoc_2021_1390,NONE
hi_hasoc_2021_1394,NONE
hi_hasoc_2021_1401,NONE
hi_hasoc_2021_1402,NONE
hi_hasoc_2021_1406,NONE
hi_hasoc_2021_1408,NONE
hi_hasoc_2021_1411,NONE
hi_hasoc_2021_1413,HATE
hi_hasoc_2021_1416,NONE
hi_hasoc_2021_1419,NONE
hi_hasoc_2021_1421,NONE
hi_hasoc_2021_1423,NONE
hi_hasoc_2021_1429,NONE
hi_hasoc_2021_1431,NONE
hi_hasoc_2021_1437,OFFN
hi_hasoc_2021_1440,NONE
hi_hasoc_2021_1444,NONE
hi_hasoc_2021_1452,NONE
hi_hasoc_2021_1454,NONE
hi_hasoc_2021_1470,NONE
hi_hasoc_2021_1474,NONE
hi_hasoc_2021_1477,NONE
hi_hasoc_2021_1479,NONE
hi_hasoc_2021_1483,NONE
hi_hasoc_2021_1484,OFFN
hi_hasoc_2021_1487,NONE
hi_hasoc_2021_1488,NONE
hi_hasoc_2021_1490,NONE
hi_hasoc_2021_1492,NONE
hi_hasoc_2021_1499,NONE
hi_hasoc_2021_1503,NONE
hi_hasoc_2021_1513,NONE
hi_hasoc_2021_1514,OFFN
hi_hasoc_2021_1515,NONE
hi_hasoc_2021_1520,NONE
hi_hasoc_2021_1529,NONE
hi_hasoc_2021_1530,NONE
hi_hasoc_2021_1540,NONE
hi_hasoc_2021_1542,NONE
hi_hasoc_2021_1545,NONE
hi_hasoc_2021_1548,NONE
hi_hasoc_2021_1549,NONE
hi_hasoc_2021_1550,NONE
hi_hasoc_2021_1553,PRFN
hi_hasoc_2021_1557,NONE
hi_hasoc_2021_1562,NONE
hi_hasoc_2021_1566,NONE
hi_hasoc_2021_1567,NONE
hi_hasoc_2021_1574,OFFN
hi_hasoc_2021_1580,NONE
hi_hasoc_2021_1591,NONE
hi_hasoc_2021_1593,HATE
hi_hasoc_2021_1602,NONE
hi_hasoc_2021_1605,NONE
hi_hasoc_2021_1608,NONE
hi_hasoc_2021_1609,NONE
hi_hasoc_2021_1619,NONE
hi_hasoc_2021_1620,PRFN
hi_hasoc_2021_1621,NONE
hi_hasoc_2021_1627,NONE
hi_hasoc_2021_1628,NONE
hi_hasoc_2021_1630,NONE
hi_hasoc_2021_1631,NONE
hi_hasoc_2021_1632,NONE
hi_hasoc_2021_1635,NONE
hi_hasoc_2021_1643,NONE
hi_hasoc_2021_1647,NONE
hi_hasoc_2021_1648,NONE
hi_hasoc_2021_1650,HATE
hi_hasoc_2021_1653,NONE
hi_hasoc_2021_1657,NONE
hi_hasoc_2021_1660,NONE
hi_hasoc_2021_1665,NONE
hi_hasoc_2021_1666,NONE
hi_hasoc_2021_1669,NONE
hi_hasoc_2021_1672,NONE
hi_hasoc_2021_1674,NONE
hi_hasoc_2021_1679,NONE
hi_hasoc_2021_1682,HATE
hi_hasoc_2021_1683,HATE
hi_hasoc_2021_1695,OFFN
hi_hasoc_2021_1703,NONE
hi_hasoc_2021_1715,NONE
hi_hasoc_2021_1717,NONE
hi_hasoc_2021_1719,NONE
hi_hasoc_2021_1721,NONE
hi_hasoc_2021_1724,NONE
hi_hasoc_2021_1730,OFFN
hi_hasoc_2021_1733,NONE
hi_hasoc_2021_1740,NONE
hi_hasoc_2021_1742,NONE
hi_hasoc_2021_1756,OFFN
hi_hasoc_2021_1759,NONE
hi_hasoc_2021_1760,NONE
hi_hasoc_2021_1764,NONE
hi_hasoc_2021_1765,NONE
hi_hasoc_2021_1766,NONE
hi_hasoc_2021_1767,NONE
hi_hasoc_2021_1772,NONE
hi_hasoc_2021_1782,NONE
hi_hasoc_2021_1783,NONE
hi_hasoc_2021_1784,NONE
hi_hasoc_2021_1785,OFFN
hi_hasoc_2021_1786,NONE
hi_hasoc_2021_1809,NONE
hi_hasoc_2021_1821,NONE
hi_hasoc_2021_1827,NONE
hi_hasoc_2021_1838,NONE
hi_hasoc_2021_1843,NONE
hi_hasoc_2021_1852,NONE
hi_hasoc_2021_1856,NONE
hi_hasoc_2021_1858,NONE
hi_hasoc_2021_1859,NONE
hi_hasoc_2021_1860,NONE
hi_hasoc_2021_1861,NONE
hi_hasoc_2021_1862,NONE
hi_hasoc_2021_1864,HATE
hi_hasoc_2021_1866,NONE
hi_hasoc_2021_1870,NONE
hi_hasoc_2021_1871,NONE
hi_hasoc_2021_1878,NONE
hi_hasoc_2021_1879,NONE
hi_hasoc_2021_1882,NONE
hi_hasoc_2021_1887,NONE
hi_hasoc_2021_1895,NONE
hi_hasoc_2021_1898,NONE
hi_hasoc_2021_1911,OFFN
hi_hasoc_2021_1914,NONE
hi_hasoc_2021_1922,OFFN
hi_hasoc_2021_1924,OFFN
hi_hasoc_2021_1926,NONE
hi_hasoc_2021_1929,NONE
hi_hasoc_2021_1931,NONE
hi_hasoc_2021_1937,OFFN
hi_hasoc_2021_1943,HATE
hi_hasoc_2021_1944,OFFN
hi_hasoc_2021_1947,HATE
hi_hasoc_2021_1957,NONE
hi_hasoc_2021_1958,NONE
hi_hasoc_2021_1962,NONE
hi_hasoc_2021_1972,NONE
hi_hasoc_2021_1979,OFFN
hi_hasoc_2021_1982,NONE
hi_hasoc_2021_1986,NONE
hi_hasoc_2021_1993,NONE
hi_hasoc_2021_1994,NONE
hi_hasoc_2021_2000,NONE
hi_hasoc_2021_2004,NONE
hi_hasoc_2021_2015,NONE
hi_hasoc_2021_2016,NONE
hi_hasoc_2021_2020,NONE
hi_hasoc_2021_2021,NONE
hi_hasoc_2021_2022,NONE
hi_hasoc_2021_2024,NONE
hi_hasoc_2021_2025,HATE
hi_hasoc_2021_2034,NONE
hi_hasoc_2021_2041,NONE
hi_hasoc_2021_2042,NONE
hi_hasoc_2021_2048,NONE
hi_hasoc_2021_2060,OFFN
hi_hasoc_2021_2061,NONE
hi_hasoc_2021_2063,NONE
hi_hasoc_2021_2065,NONE
hi_hasoc_2021_2066,NONE
hi_hasoc_2021_2078,PRFN
hi_hasoc_2021_2081,OFFN
hi_hasoc_2021_2089,NONE
hi_hasoc_2021_2106,NONE
hi_hasoc_2021_2107,NONE
hi_hasoc_2021_2108,NONE
hi_hasoc_2021_2114,NONE
hi_hasoc_2021_2116,NONE
hi_hasoc_2021_2118,OFFN
hi_hasoc_2021_2121,NONE
hi_hasoc_2021_2124,OFFN
hi_hasoc_2021_2127,NONE
hi_hasoc_2021_2134,OFFN
hi_hasoc_2021_2137,OFFN
hi_hasoc_2021_2139,NONE
hi_hasoc_2021_2143,NONE
hi_hasoc_2021_2172,NONE
hi_hasoc_2021_2176,NONE
hi_hasoc_2021_2177,NONE
hi_hasoc_2021_2179,NONE
hi_hasoc_2021_2181,NONE
hi_hasoc_2021_2186,PRFN
hi_hasoc_2021_2187,NONE
hi_hasoc_2021_2189,NONE
hi_hasoc_2021_2192,NONE
hi_hasoc_2021_2193,NONE
hi_hasoc_2021_2194,NONE
hi_hasoc_2021_2207,NONE
hi_hasoc_2021_2210,NONE
hi_hasoc_2021_2216,OFFN
hi_hasoc_2021_2225,NONE
hi_hasoc_2021_2226,NONE
hi_hasoc_2021_2228,NONE
hi_hasoc_2021_2229,NONE
hi_hasoc_2021_2231,NONE
hi_hasoc_2021_2233,NONE
hi_hasoc_2021_2234,NONE
hi_hasoc_2021_2256,NONE
hi_hasoc_2021_2257,NONE
hi_hasoc_2021_2261,NONE
hi_hasoc_2021_2266,NONE
hi_hasoc_2021_2268,NONE
hi_hasoc_2021_2274,PRFN
hi_hasoc_2021_2278,NONE
hi_hasoc_2021_2283,NONE
hi_hasoc_2021_2288,NONE
hi_hasoc_2021_2290,NONE
hi_hasoc_2021_2295,NONE
hi_hasoc_2021_2300,NONE
hi_hasoc_2021_2314,NONE
hi_hasoc_2021_2318,NONE
hi_hasoc_2021_2319,NONE
hi_hasoc_2021_2320,NONE
hi_hasoc_2021_2323,NONE
hi_hasoc_2021_2325,NONE
hi_hasoc_2021_2328,NONE
hi_hasoc_2021_2329,NONE
hi_hasoc_2021_2333,NONE
hi_hasoc_2021_2344,NONE
hi_hasoc_2021_2345,NONE
hi_hasoc_2021_2349,NONE
hi_hasoc_2021_2350,NONE
hi_hasoc_2021_2351,NONE
hi_hasoc_2021_2352,NONE
hi_hasoc_2021_2354,NONE
hi_hasoc_2021_2356,NONE
hi_hasoc_2021_2359,NONE
hi_hasoc_2021_2361,NONE
hi_hasoc_2021_2370,NONE
hi_hasoc_2021_2375,NONE
hi_hasoc_2021_2376,NONE
hi_hasoc_2021_2387,NONE
hi_hasoc_2021_2389,NONE
hi_hasoc_2021_2391,NONE
hi_hasoc_2021_2395,NONE
hi_hasoc_2021_2396,NONE
hi_hasoc_2021_2402,NONE
hi_hasoc_2021_2403,NONE
hi_hasoc_2021_2408,NONE
hi_hasoc_2021_2409,NONE
hi_hasoc_2021_2413,NONE
hi_hasoc_2021_2423,NONE
hi_hasoc_2021_2433,NONE
hi_hasoc_2021_2443,NONE
hi_hasoc_2021_2444,NONE
hi_hasoc_2021_2448,NONE
hi_hasoc_2021_2449,NONE
hi_hasoc_2021_2451,NONE
hi_hasoc_2021_2456,NONE
hi_hasoc_2021_2458,NONE
hi_hasoc_2021_2469,NONE
hi_hasoc_2021_2474,NONE
hi_hasoc_2021_2478,NONE
hi_hasoc_2021_2483,NONE
hi_hasoc_2021_2485,NONE
hi_hasoc_2021_2491,NONE
hi_hasoc_2021_2501,NONE
hi_hasoc_2021_2506,NONE
hi_hasoc_2021_2514,NONE
hi_hasoc_2021_2516,NONE
hi_hasoc_2021_2519,NONE
hi_hasoc_2021_2521,NONE
hi_hasoc_2021_2522,PRFN
hi_hasoc_2021_2527,NONE
hi_hasoc_2021_2530,NONE
hi_hasoc_2021_2531,NONE
hi_hasoc_2021_2533,NONE
hi_hasoc_2021_2537,NONE
hi_hasoc_2021_2541,NONE
hi_hasoc_2021_2543,NONE
hi_hasoc_2021_2546,NONE
hi_hasoc_2021_2562,NONE
hi_hasoc_2021_2565,NONE
hi_hasoc_2021_2566,NONE
hi_hasoc_2021_2568,NONE
hi_hasoc_2021_2577,NONE
hi_hasoc_2021_2578,NONE
hi_hasoc_2021_2581,NONE
hi_hasoc_2021_2584,OFFN
hi_hasoc_2021_2589,NONE
hi_hasoc_2021_2603,NONE
hi_hasoc_2021_2605,NONE
hi_hasoc_2021_2611,NONE
hi_hasoc_2021_2618,NONE
hi_hasoc_2021_2622,NONE
hi_hasoc_2021_2625,NONE
hi_hasoc_2021_2626,NONE
hi_hasoc_2021_2637,NONE
hi_hasoc_2021_2639,NONE
hi_hasoc_2021_2642,NONE
hi_hasoc_2021_2649,NONE
hi_hasoc_2021_2650,NONE
hi_hasoc_2021_2655,NONE
hi_hasoc_2021_2665,NONE
hi_hasoc_2021_2668,NONE
hi_hasoc_2021_2669,NONE
hi_hasoc_2021_2671,NONE
hi_hasoc_2021_2673,NONE
hi_hasoc_2021_2678,NONE
hi_hasoc_2021_2683,NONE
hi_hasoc_2021_2686,NONE
hi_hasoc_2021_2693,NONE
hi_hasoc_2021_2701,NONE
hi_hasoc_2021_2703,NONE
hi_hasoc_2021_2709,NONE
hi_hasoc_2021_2716,NONE
hi_hasoc_2021_2717,NONE
hi_hasoc_2021_2718,NONE
hi_hasoc_2021_2719,NONE
hi_hasoc_2021_2725,NONE
hi_hasoc_2021_2727,NONE
hi_hasoc_2021_2734,NONE
hi_hasoc_2021_2735,NONE
hi_hasoc_2021_2736,NONE
hi_hasoc_2021_2737,NONE
hi_hasoc_2021_2738,NONE
hi_hasoc_2021_2741,NONE
hi_hasoc_2021_2743,OFFN
hi_hasoc_2021_2745,NONE
hi_hasoc_2021_2748,NONE
hi_hasoc_2021_2749,NONE
hi_hasoc_2021_2754,NONE
hi_hasoc_2021_2756,NONE
hi_hasoc_2021_2762,NONE
hi_hasoc_2021_2763,NONE
hi_hasoc_2021_2765,NONE
hi_hasoc_2021_2767,NONE
hi_hasoc_2021_2773,NONE
hi_hasoc_2021_2777,NONE
hi_hasoc_2021_2778,NONE
hi_hasoc_2021_2782,NONE
hi_hasoc_2021_2785,NONE
hi_hasoc_2021_2786,NONE
hi_hasoc_2021_2789,NONE
hi_hasoc_2021_2801,NONE
hi_hasoc_2021_2804,NONE
hi_hasoc_2021_2806,NONE
hi_hasoc_2021_2808,NONE
hi_hasoc_2021_2811,NONE
hi_hasoc_2021_2813,NONE
hi_hasoc_2021_2817,NONE
hi_hasoc_2021_2819,NONE
hi_hasoc_2021_2822,NONE
hi_hasoc_2021_2829,NONE
hi_hasoc_2021_2833,NONE
hi_hasoc_2021_2835,OFFN
hi_hasoc_2021_2838,NONE
hi_hasoc_2021_2845,NONE
hi_hasoc_2021_2854,OFFN
hi_hasoc_2021_2861,NONE
hi_hasoc_2021_2867,NONE
hi_hasoc_2021_2868,NONE
hi_hasoc_2021_2881,NONE
hi_hasoc_2021_2884,NONE
hi_hasoc_2021_2886,NONE
hi_hasoc_2021_2888,NONE
hi_hasoc_2021_2892,NONE
hi_hasoc_2021_2894,NONE
hi_hasoc_2021_2897,NONE
hi_hasoc_2021_2898,NONE
hi_hasoc_2021_2902,NONE
hi_hasoc_2021_2908,NONE
hi_hasoc_2021_2909,NONE
hi_hasoc_2021_2910,NONE
hi_hasoc_2021_2919,NONE
hi_hasoc_2021_2923,NONE
hi_hasoc_2021_2927,NONE
hi_hasoc_2021_2929,PRFN
hi_hasoc_2021_2932,NONE
hi_hasoc_2021_2934,NONE
hi_hasoc_2021_2940,NONE
hi_hasoc_2021_2941,NONE
hi_hasoc_2021_2944,NONE
hi_hasoc_2021_2945,NONE
hi_hasoc_2021_2951,NONE
hi_hasoc_2021_2954,NONE
hi_hasoc_2021_2955,NONE
hi_hasoc_2021_2956,NONE
hi_hasoc_2021_2963,NONE
hi_hasoc_2021_2974,NONE
hi_hasoc_2021_2977,NONE
hi_hasoc_2021_2978,NONE
hi_hasoc_2021_2980,NONE
hi_hasoc_2021_2991,NONE
hi_hasoc_2021_2995,NONE
hi_hasoc_2021_2998,NONE
hi_hasoc_2021_3005,NONE
hi_hasoc_2021_3007,PRFN
hi_hasoc_2021_3010,NONE
hi_hasoc_2021_3011,NONE
hi_hasoc_2021_3013,NONE
hi_hasoc_2021_3017,NONE
hi_hasoc_2021_3021,NONE
hi_hasoc_2021_3028,NONE
hi_hasoc_2021_3029,NONE
hi_hasoc_2021_3034,NONE
hi_hasoc_2021_3035,NONE
hi_hasoc_2021_3037,NONE
hi_hasoc_2021_3044,NONE
hi_hasoc_2021_3049,NONE
hi_hasoc_2021_3050,PRFN
hi_hasoc_2021_3054,NONE
hi_hasoc_2021_3056,NONE
hi_hasoc_2021_3062,HATE
hi_hasoc_2021_3066,NONE
hi_hasoc_2021_3069,NONE
hi_hasoc_2021_3072,OFFN
hi_hasoc_2021_3074,OFFN
hi_hasoc_2021_3075,NONE
hi_hasoc_2021_3076,NONE
hi_hasoc_2021_3082,NONE
hi_hasoc_2021_3083,NONE
hi_hasoc_2021_3086,NONE
hi_hasoc_2021_3087,NONE
hi_hasoc_2021_3089,NONE
hi_hasoc_2021_3092,NONE
hi_hasoc_2021_3098,OFFN
hi_hasoc_2021_3110,NONE
hi_hasoc_2021_3114,NONE
hi_hasoc_2021_3117,NONE
hi_hasoc_2021_3119,NONE
hi_hasoc_2021_3124,NONE
hi_hasoc_2021_3127,NONE
hi_hasoc_2021_3128,NONE
hi_hasoc_2021_3134,NONE
hi_hasoc_2021_3137,NONE
hi_hasoc_2021_3140,NONE
hi_hasoc_2021_3142,NONE
hi_hasoc_2021_3144,NONE
hi_hasoc_2021_3145,NONE
hi_hasoc_2021_3149,NONE
hi_hasoc_2021_3151,NONE
hi_hasoc_2021_3152,NONE
hi_hasoc_2021_3153,NONE
hi_hasoc_2021_3156,NONE
hi_hasoc_2021_3158,OFFN
hi_hasoc_2021_3159,NONE
hi_hasoc_2021_3160,HATE
hi_hasoc_2021_3165,NONE
hi_hasoc_2021_3176,NONE
hi_hasoc_2021_3188,NONE
hi_hasoc_2021_3203,NONE
hi_hasoc_2021_3204,NONE
hi_hasoc_2021_3206,NONE
hi_hasoc_2021_3207,NONE
hi_hasoc_2021_3208,NONE
hi_hasoc_2021_3219,NONE
hi_hasoc_2021_3222,NONE
hi_hasoc_2021_3223,NONE
hi_hasoc_2021_3226,NONE
hi_hasoc_2021_3230,NONE
hi_hasoc_2021_3235,NONE
hi_hasoc_2021_3240,NONE
hi_hasoc_2021_3241,NONE
hi_hasoc_2021_3249,NONE
hi_hasoc_2021_3252,NONE
hi_hasoc_2021_3254,NONE
hi_hasoc_2021_3255,NONE
hi_hasoc_2021_3256,NONE
hi_hasoc_2021_3260,HATE
hi_hasoc_2021_3261,NONE
hi_hasoc_2021_3268,NONE
hi_hasoc_2021_3274,NONE
hi_hasoc_2021_3276,NONE
hi_hasoc_2021_3282,NONE
hi_hasoc_2021_3297,NONE
hi_hasoc_2021_3307,NONE
hi_hasoc_2021_3308,NONE
hi_hasoc_2021_3310,NONE
hi_hasoc_2021_3318,NONE
hi_hasoc_2021_3326,NONE
hi_hasoc_2021_3327,NONE
hi_hasoc_2021_3328,NONE
hi_hasoc_2021_3341,NONE
hi_hasoc_2021_3346,PRFN
hi_hasoc_2021_3351,NONE
hi_hasoc_2021_3353,HATE
hi_hasoc_2021_3356,NONE
hi_hasoc_2021_3361,NONE
hi_hasoc_2021_3364,NONE
hi_hasoc_2021_3367,NONE
hi_hasoc_2021_3369,NONE
hi_hasoc_2021_3378,NONE
hi_hasoc_2021_3381,NONE
hi_hasoc_2021_3383,NONE
hi_hasoc_2021_3384,NONE
hi_hasoc_2021_3390,NONE
hi_hasoc_2021_3394,NONE
hi_hasoc_2021_3397,NONE
hi_hasoc_2021_3403,NONE
hi_hasoc_2021_3407,NONE
hi_hasoc_2021_3410,NONE
hi_hasoc_2021_3413,NONE
hi_hasoc_2021_3418,NONE
hi_hasoc_2021_3424,NONE
hi_hasoc_2021_3428,NONE
hi_hasoc_2021_3436,OFFN
hi_hasoc_2021_3437,OFFN
hi_hasoc_2021_3439,NONE
hi_hasoc_2021_3443,NONE
hi_hasoc_2021_3448,NONE
hi_hasoc_2021_3450,NONE
hi_hasoc_2021_3456,NONE
hi_hasoc_2021_3462,NONE
hi_hasoc_2021_3466,NONE
hi_hasoc_2021_3470,NONE
hi_hasoc_2021_3481,NONE
hi_hasoc_2021_3491,NONE
hi_hasoc_2021_3494,NONE
hi_hasoc_2021_3499,NONE
hi_hasoc_2021_3518,NONE
hi_hasoc_2021_3522,NONE
hi_hasoc_2021_3524,NONE
hi_hasoc_2021_3525,NONE
hi_hasoc_2021_3527,NONE
hi_hasoc_2021_3528,NONE
hi_hasoc_2021_3530,NONE
hi_hasoc_2021_3535,NONE
hi_hasoc_2021_3538,NONE
hi_hasoc_2021_3541,NONE
hi_hasoc_2021_3548,NONE
hi_hasoc_2021_3551,NONE
hi_hasoc_2021_3552,NONE
hi_hasoc_2021_3555,NONE
hi_hasoc_2021_3572,NONE
hi_hasoc_2021_3573,NONE
hi_hasoc_2021_3575,NONE
hi_hasoc_2021_3578,NONE
hi_hasoc_2021_3580,NONE
hi_hasoc_2021_3586,NONE
hi_hasoc_2021_3592,NONE
hi_hasoc_2021_3595,NONE
hi_hasoc_2021_3597,NONE
hi_hasoc_2021_3600,OFFN
hi_hasoc_2021_3617,OFFN
hi_hasoc_2021_3619,PRFN
hi_hasoc_2021_3622,NONE
hi_hasoc_2021_3623,NONE
hi_hasoc_2021_3626,NONE
hi_hasoc_2021_3630,NONE
hi_hasoc_2021_3631,NONE
hi_hasoc_2021_3634,NONE
hi_hasoc_2021_3646,NONE
hi_hasoc_2021_3647,NONE
hi_hasoc_2021_3648,NONE
hi_hasoc_2021_3656,NONE
hi_hasoc_2021_3659,NONE
hi_hasoc_2021_3663,NONE
hi_hasoc_2021_3672,NONE
hi_hasoc_2021_3674,NONE
hi_hasoc_2021_3676,NONE
hi_hasoc_2021_3686,NONE
hi_hasoc_2021_3688,NONE
hi_hasoc_2021_3690,NONE
hi_hasoc_2021_3700,NONE
hi_hasoc_2021_3701,NONE
hi_hasoc_2021_3702,NONE
hi_hasoc_2021_3703,NONE
hi_hasoc_2021_3704,NONE
hi_hasoc_2021_3707,NONE
hi_hasoc_2021_3710,NONE
hi_hasoc_2021_3712,NONE
hi_hasoc_2021_3716,NONE
hi_hasoc_2021_3719,NONE
hi_hasoc_2021_3723,NONE
hi_hasoc_2021_3732,NONE
hi_hasoc_2021_3738,HATE
hi_hasoc_2021_3739,OFFN
hi_hasoc_2021_3748,NONE
hi_hasoc_2021_3749,NONE
hi_hasoc_2021_3758,NONE
hi_hasoc_2021_3767,NONE
hi_hasoc_2021_3776,NONE
hi_hasoc_2021_3783,NONE
hi_hasoc_2021_3788,OFFN
hi_hasoc_2021_3790,OFFN
hi_hasoc_2021_3813,NONE
hi_hasoc_2021_3819,NONE
hi_hasoc_2021_3822,NONE
hi_hasoc_2021_3824,OFFN
hi_hasoc_2021_3830,NONE
hi_hasoc_2021_3831,NONE
hi_hasoc_2021_3834,NONE
hi_hasoc_2021_3838,NONE
hi_hasoc_2021_3841,NONE
hi_hasoc_2021_3842,NONE
hi_hasoc_2021_3848,NONE
hi_hasoc_2021_3849,NONE
hi_hasoc_2021_3851,NONE
hi_hasoc_2021_3853,NONE
hi_hasoc_2021_3857,NONE
hi_hasoc_2021_3865,NONE
hi_hasoc_2021_3869,PRFN
hi_hasoc_2021_3876,NONE
hi_hasoc_2021_3878,NONE
hi_hasoc_2021_3880,NONE
hi_hasoc_2021_3884,NONE
hi_hasoc_2021_3888,NONE
hi_hasoc_2021_3889,NONE
hi_hasoc_2021_3893,NONE
hi_hasoc_2021_3895,NONE
hi_hasoc_2021_3897,NONE
hi_hasoc_2021_3901,NONE
hi_hasoc_2021_3910,NONE
hi_hasoc_2021_3914,NONE
hi_hasoc_2021_3918,NONE
hi_hasoc_2021_3921,NONE
hi_hasoc_2021_3924,NONE
hi_hasoc_2021_3927,NONE
hi_hasoc_2021_3928,OFFN
hi_hasoc_2021_3934,NONE
hi_hasoc_2021_3940,NONE
hi_hasoc_2021_3941,NONE
hi_hasoc_2021_3944,NONE
hi_hasoc_2021_3949,NONE
hi_hasoc_2021_3951,NONE
hi_hasoc_2021_3962,NONE
hi_hasoc_2021_3965,NONE
hi_hasoc_2021_3966,OFFN
hi_hasoc_2021_3968,NONE
hi_hasoc_2021_3974,NONE
hi_hasoc_2021_3987,PRFN
hi_hasoc_2021_3988,NONE
hi_hasoc_2021_3993,NONE
hi_hasoc_2021_4011,NONE
hi_hasoc_2021_4021,NONE
hi_hasoc_2021_4025,NONE
hi_hasoc_2021_4026,NONE
hi_hasoc_2021_4028,HATE
hi_hasoc_2021_4036,NONE
hi_hasoc_2021_4040,NONE
hi_hasoc_2021_4043,NONE
hi_hasoc_2021_4048,NONE
hi_hasoc_2021_4052,NONE
hi_hasoc_2021_4056,NONE
hi_hasoc_2021_4057,NONE
hi_hasoc_2021_4058,NONE
hi_hasoc_2021_4059,NONE
hi_hasoc_2021_4064,NONE
hi_hasoc_2021_4066,NONE
hi_hasoc_2021_4071,NONE
hi_hasoc_2021_4076,OFFN
hi_hasoc_2021_4082,NONE
hi_hasoc_2021_4086,NONE
hi_hasoc_2021_4087,PRFN
hi_hasoc_2021_4088,NONE
hi_hasoc_2021_4092,NONE
hi_hasoc_2021_4102,NONE
hi_hasoc_2021_4111,NONE
hi_hasoc_2021_4113,NONE
hi_hasoc_2021_4118,NONE
hi_hasoc_2021_4125,NONE
hi_hasoc_2021_4135,NONE
hi_hasoc_2021_4138,NONE
hi_hasoc_2021_4146,NONE
hi_hasoc_2021_4149,NONE
hi_hasoc_2021_4150,NONE
hi_hasoc_2021_4152,NONE
hi_hasoc_2021_4155,PRFN
hi_hasoc_2021_4156,NONE
hi_hasoc_2021_4158,PRFN
hi_hasoc_2021_4159,NONE
hi_hasoc_2021_4171,NONE
hi_hasoc_2021_4173,OFFN
hi_hasoc_2021_4178,NONE
hi_hasoc_2021_4181,OFFN
hi_hasoc_2021_4188,NONE
hi_hasoc_2021_4189,NONE
hi_hasoc_2021_4192,NONE
hi_hasoc_2021_4195,NONE
hi_hasoc_2021_4199,NONE
hi_hasoc_2021_4200,NONE
hi_hasoc_2021_4205,NONE
hi_hasoc_2021_4209,NONE
hi_hasoc_2021_4214,NONE
hi_hasoc_2021_4215,NONE
hi_hasoc_2021_4222,NONE
hi_hasoc_2021_4224,OFFN
hi_hasoc_2021_4227,NONE
hi_hasoc_2021_4228,NONE
hi_hasoc_2021_4236,NONE
hi_hasoc_2021_4248,HATE
hi_hasoc_2021_4249,OFFN
hi_hasoc_2021_4250,OFFN
hi_hasoc_2021_4256,PRFN
hi_hasoc_2021_4259,NONE
hi_hasoc_2021_4261,NONE
hi_hasoc_2021_4262,NONE
hi_hasoc_2021_4274,PRFN
hi_hasoc_2021_4298,OFFN
hi_hasoc_2021_4302,HATE
hi_hasoc_2021_4304,NONE
hi_hasoc_2021_4305,NONE
hi_hasoc_2021_4309,NONE
hi_hasoc_2021_4316,NONE
hi_hasoc_2021_4320,PRFN
hi_hasoc_2021_4321,HATE
hi_hasoc_2021_4324,PRFN
hi_hasoc_2021_4336,HATE
hi_hasoc_2021_4339,HATE
hi_hasoc_2021_4340,OFFN
hi_hasoc_2021_4341,NONE
hi_hasoc_2021_4343,HATE
hi_hasoc_2021_4362,NONE
hi_hasoc_2021_4381,OFFN
hi_hasoc_2021_4383,HATE
hi_hasoc_2021_4386,HATE
hi_hasoc_2021_4390,OFFN
hi_hasoc_2021_4391,HATE
hi_hasoc_2021_4394,OFFN
hi_hasoc_2021_4396,HATE
hi_hasoc_2021_4397,OFFN
hi_hasoc_2021_4402,HATE
hi_hasoc_2021_4413,HATE
hi_hasoc_2021_4415,PRFN
hi_hasoc_2021_4418,PRFN
hi_hasoc_2021_4423,PRFN
hi_hasoc_2021_4424,HATE
hi_hasoc_2021_4425,NONE
hi_hasoc_2021_4427,HATE
hi_hasoc_2021_4429,PRFN
hi_hasoc_2021_4431,NONE
hi_hasoc_2021_4432,NONE
hi_hasoc_2021_4436,OFFN
hi_hasoc_2021_4437,NONE
hi_hasoc_2021_4439,OFFN
hi_hasoc_2021_4443,NONE
hi_hasoc_2021_4456,HATE
hi_hasoc_2021_4464,PRFN
hi_hasoc_2021_4467,OFFN
hi_hasoc_2021_4469,OFFN
hi_hasoc_2021_4480,HATE
hi_hasoc_2021_4485,OFFN
hi_hasoc_2021_4487,HATE
hi_hasoc_2021_4493,HATE
hi_hasoc_2021_4498,OFFN
hi_hasoc_2021_4503,NONE
hi_hasoc_2021_4507,PRFN
hi_hasoc_2021_4509,HATE
hi_hasoc_2021_4513,PRFN
hi_hasoc_2021_4517,OFFN
hi_hasoc_2021_4522,OFFN
hi_hasoc_2021_4525,PRFN
hi_hasoc_2021_4531,HATE
hi_hasoc_2021_4535,OFFN
hi_hasoc_2021_4536,HATE
hi_hasoc_2021_4554,OFFN
hi_hasoc_2021_4556,OFFN
hi_hasoc_2021_4560,HATE
hi_hasoc_2021_4563,HATE
hi_hasoc_2021_4569,NONE
hi_hasoc_2021_4570,NONE
hi_hasoc_2021_4571,HATE
hi_hasoc_2021_4576,NONE
hi_hasoc_2021_4581,PRFN
hi_hasoc_2021_4583,NONE
hi_hasoc_2021_4588,HATE
hi_hasoc_2021_4589,HATE
hi_hasoc_2021_4593,HATE
hi_hasoc_2021_4595,OFFN
hi_hasoc_2021_4597,NONE
hi_hasoc_2021_4603,OFFN
hi_hasoc_2021_4605,HATE
hi_hasoc_2021_4606,HATE
hi_hasoc_2021_4608,HATE
hi_hasoc_2021_4610,NONE
hi_hasoc_2021_4614,HATE
hi_hasoc_2021_4620,HATE
hi_hasoc_2021_4622,OFFN
hi_hasoc_2021_4623,OFFN
hi_hasoc_2021_4625,PRFN
hi_hasoc_2021_4632,NONE
hi_hasoc_2021_4634,OFFN
hi_hasoc_2021_4639,HATE
hi_hasoc_2021_4649,HATE
hi_hasoc_2021_4656,NONE
hi_hasoc_2021_4661,HATE
hi_hasoc_2021_4662,HATE
hi_hasoc_2021_4664,HATE
hi_hasoc_2021_4668,NONE
hi_hasoc_2021_4671,HATE
hi_hasoc_2021_4675,HATE
hi_hasoc_2021_4677,HATE
hi_hasoc_2021_4679,HATE
hi_hasoc_2021_4681,NONE
hi_hasoc_2021_4683,PRFN
hi_hasoc_2021_4686,PRFN
hi_hasoc_2021_4688,HATE
hi_hasoc_2021_4689,HATE
hi_hasoc_2021_4695,OFFN
hi_hasoc_2021_4700,HATE
hi_hasoc_2021_4702,OFFN
hi_hasoc_2021_4703,OFFN
hi_hasoc_2021_4707,OFFN
hi_hasoc_2021_4710,OFFN
hi_hasoc_2021_4713,HATE
hi_hasoc_2021_4721,HATE
hi_hasoc_2021_4722,HATE
hi_hasoc_2021_4724,HATE
hi_hasoc_2021_4726,HATE
hi_hasoc_2021_4729,HATE
hi_hasoc_2021_4730,OFFN
hi_hasoc_2021_4731,OFFN
hi_hasoc_2021_4735,HATE
hi_hasoc_2021_4737,HATE
hi_hasoc_2021_4738,HATE
hi_hasoc_2021_4739,HATE
hi_hasoc_2021_4743,HATE
hi_hasoc_2021_4757,NONE
hi_hasoc_2021_4761,HATE
hi_hasoc_2021_4763,NONE
hi_hasoc_2021_4765,HATE
hi_hasoc_2021_4770,NONE
hi_hasoc_2021_4772,HATE
hi_hasoc_2021_4775,HATE
hi_hasoc_2021_4777,OFFN
hi_hasoc_2021_4780,OFFN
hi_hasoc_2021_4781,NONE
hi_hasoc_2021_4782,HATE
hi_hasoc_2021_4788,OFFN
hi_hasoc_2021_4789,HATE
hi_hasoc_2021_4793,HATE
hi_hasoc_2021_4801,NONE
hi_hasoc_2021_4811,OFFN
hi_hasoc_2021_4813,NONE
hi_hasoc_2021_4816,HATE
hi_hasoc_2021_4821,NONE
hi_hasoc_2021_4824,PRFN
hi_hasoc_2021_4830,HATE
hi_hasoc_2021_4838,OFFN
hi_hasoc_2021_4839,HATE
hi_hasoc_2021_4848,OFFN
hi_hasoc_2021_4849,OFFN
hi_hasoc_2021_4851,PRFN
hi_hasoc_2021_4852,HATE
hi_hasoc_2021_4854,NONE
hi_hasoc_2021_4855,HATE
hi_hasoc_2021_4858,HATE
hi_hasoc_2021_4860,HATE
hi_hasoc_2021_4867,HATE
hi_hasoc_2021_4868,HATE
hi_hasoc_2021_4870,HATE
hi_hasoc_2021_4872,HATE
hi_hasoc_2021_4885,PRFN
hi_hasoc_2021_4886,HATE
hi_hasoc_2021_4896,HATE
hi_hasoc_2021_4898,HATE
hi_hasoc_2021_4899,NONE
hi_hasoc_2021_4907,HATE
hi_hasoc_2021_4910,HATE
hi_hasoc_2021_4918,OFFN
hi_hasoc_2021_4921,PRFN
hi_hasoc_2021_4922,PRFN
hi_hasoc_2021_4923,HATE
hi_hasoc_2021_4930,HATE
hi_hasoc_2021_4933,HATE
hi_hasoc_2021_4935,NONE
hi_hasoc_2021_4942,HATE
hi_hasoc_2021_4947,HATE
hi_hasoc_2021_4950,PRFN
hi_hasoc_2021_4952,NONE
hi_hasoc_2021_4953,HATE
hi_hasoc_2021_4960,OFFN
hi_hasoc_2021_4967,NONE
hi_hasoc_2021_4968,NONE
hi_hasoc_2021_4970,NONE
hi_hasoc_2021_4975,OFFN
hi_hasoc_2021_4987,HATE
hi_hasoc_2021_4989,OFFN
hi_hasoc_2021_4990,OFFN
hi_hasoc_2021_4994,NONE
hi_hasoc_2021_4997,HATE
hi_hasoc_2021_5000,NONE
hi_hasoc_2021_5006,HATE
hi_hasoc_2021_5016,HATE
hi_hasoc_2021_5020,OFFN
hi_hasoc_2021_5024,HATE
hi_hasoc_2021_5027,NONE
hi_hasoc_2021_5028,HATE
hi_hasoc_2021_5038,HATE
hi_hasoc_2021_5041,HATE
hi_hasoc_2021_5042,HATE
hi_hasoc_2021_5047,HATE
hi_hasoc_2021_5049,NONE
hi_hasoc_2021_5059,NONE
hi_hasoc_2021_5060,PRFN
hi_hasoc_2021_5064,OFFN
hi_hasoc_2021_5066,HATE
hi_hasoc_2021_5067,HATE
hi_hasoc_2021_5068,HATE
hi_hasoc_2021_5069,OFFN
hi_hasoc_2021_5073,HATE
hi_hasoc_2021_5077,HATE
hi_hasoc_2021_5078,HATE
hi_hasoc_2021_5084,HATE
hi_hasoc_2021_5095,PRFN
hi_hasoc_2021_5098,HATE
hi_hasoc_2021_5099,NONE
hi_hasoc_2021_5105,PRFN
hi_hasoc_2021_5108,HATE
hi_hasoc_2021_5112,HATE
hi_hasoc_2021_5114,OFFN
hi_hasoc_2021_5115,HATE
hi_hasoc_2021_5119,HATE
hi_hasoc_2021_5124,NONE
hi_hasoc_2021_5127,NONE
hi_hasoc_2021_5132,NONE
hi_hasoc_2021_5137,HATE
hi_hasoc_2021_5146,HATE
hi_hasoc_2021_5151,NONE
hi_hasoc_2021_5153,NONE
hi_hasoc_2021_5163,HATE
hi_hasoc_2021_5166,NONE
hi_hasoc_2021_5170,HATE
hi_hasoc_2021_5172,NONE
hi_hasoc_2021_5181,HATE
hi_hasoc_2021_5184,OFFN
hi_hasoc_2021_5186,OFFN
hi_hasoc_2021_5187,OFFN
hi_hasoc_2021_5188,OFFN
hi_hasoc_2021_5190,OFFN
hi_hasoc_2021_5195,HATE
hi_hasoc_2021_5202,PRFN
hi_hasoc_2021_5203,OFFN
hi_hasoc_2021_5204,PRFN
hi_hasoc_2021_5208,OFFN
hi_hasoc_2021_5211,OFFN
hi_hasoc_2021_5213,OFFN
hi_hasoc_2021_5214,PRFN
hi_hasoc_2021_5219,HATE
hi_hasoc_2021_5225,PRFN
hi_hasoc_2021_5227,PRFN
hi_hasoc_2021_5229,OFFN
hi_hasoc_2021_5231,OFFN
hi_hasoc_2021_5232,OFFN
hi_hasoc_2021_5233,OFFN
hi_hasoc_2021_5237,HATE
hi_hasoc_2021_5243,HATE
hi_hasoc_2021_5244,OFFN
hi_hasoc_2021_5245,HATE
hi_hasoc_2021_5246,NONE
hi_hasoc_2021_5247,OFFN
hi_hasoc_2021_5248,PRFN
hi_hasoc_2021_5254,NONE
hi_hasoc_2021_5256,NONE
hi_hasoc_2021_5259,NONE
hi_hasoc_2021_5262,HATE
hi_hasoc_2021_5263,PRFN
hi_hasoc_2021_5268,HATE
hi_hasoc_2021_5270,HATE
hi_hasoc_2021_5271,HATE
hi_hasoc_2021_5276,OFFN
hi_hasoc_2021_5278,HATE
hi_hasoc_2021_5279,OFFN
hi_hasoc_2021_5284,HATE
hi_hasoc_2021_5286,HATE
hi_hasoc_2021_5287,OFFN
hi_hasoc_2021_5288,HATE
hi_hasoc_2021_5291,HATE
hi_hasoc_2021_5294,OFFN
hi_hasoc_2021_5298,OFFN
hi_hasoc_2021_5300,HATE
hi_hasoc_2021_5313,HATE
hi_hasoc_2021_5315,OFFN
hi_hasoc_2021_5316,HATE
hi_hasoc_2021_5323,HATE
hi_hasoc_2021_5329,HATE
hi_hasoc_2021_5337,OFFN
hi_hasoc_2021_5340,HATE
hi_hasoc_2021_5356,OFFN
hi_hasoc_2021_5362,OFFN
hi_hasoc_2021_5369,PRFN
hi_hasoc_2021_5376,OFFN
hi_hasoc_2021_5377,HATE
hi_hasoc_2021_5381,OFFN
hi_hasoc_2021_5382,OFFN
hi_hasoc_2021_5391,HATE
hi_hasoc_2021_5400,PRFN
hi_hasoc_2021_5401,PRFN
hi_hasoc_2021_5402,HATE
hi_hasoc_2021_5405,NONE
hi_hasoc_2021_5412,NONE
hi_hasoc_2021_5428,PRFN
hi_hasoc_2021_5438,HATE
hi_hasoc_2021_5444,PRFN
hi_hasoc_2021_5446,OFFN
hi_hasoc_2021_5447,PRFN
hi_hasoc_2021_5448,OFFN
hi_hasoc_2021_5449,HATE
hi_hasoc_2021_5456,OFFN
hi_hasoc_2021_5462,OFFN
hi_hasoc_2021_5464,OFFN
hi_hasoc_2021_5465,HATE
hi_hasoc_2021_5471,HATE
hi_hasoc_2021_5472,HATE
hi_hasoc_2021_5486,HATE
hi_hasoc_2021_5491,OFFN
hi_hasoc_2021_5493,HATE
hi_hasoc_2021_5494,PRFN
hi_hasoc_2021_5499,OFFN
hi_hasoc_2021_5504,OFFN
hi_hasoc_2021_5507,OFFN
hi_hasoc_2021_5513,HATE
hi_hasoc_2021_5515,NONE
hi_hasoc_2021_5519,OFFN
hi_hasoc_2021_5520,HATE
hi_hasoc_2021_5521,OFFN
hi_hasoc_2021_5524,HATE
hi_hasoc_2021_5530,HATE
hi_hasoc_2021_5534,HATE
hi_hasoc_2021_5537,OFFN
hi_hasoc_2021_5539,OFFN
hi_hasoc_2021_5540,OFFN
hi_hasoc_2021_5543,NONE
hi_hasoc_2021_5560,OFFN
hi_hasoc_2021_5566,OFFN
hi_hasoc_2021_5570,OFFN
hi_hasoc_2021_5571,HATE
hi_hasoc_2021_5572,HATE
hi_hasoc_2021_5573,PRFN
hi_hasoc_2021_5576,HATE
hi_hasoc_2021_5577,OFFN
hi_hasoc_2021_5585,OFFN
hi_hasoc_2021_5586,HATE
hi_hasoc_2021_5590,OFFN
hi_hasoc_2021_5592,HATE
hi_hasoc_2021_5600,OFFN
hi_hasoc_2021_5602,OFFN
hi_hasoc_2021_5614,HATE
hi_hasoc_2021_5633,OFFN
hi_hasoc_2021_5642,HATE
hi_hasoc_2021_5644,OFFN
hi_hasoc_2021_5646,OFFN
hi_hasoc_2021_5647,HATE
hi_hasoc_2021_5659,HATE
hi_hasoc_2021_5660,HATE
hi_hasoc_2021_5663,HATE
hi_hasoc_2021_5664,NONE
hi_hasoc_2021_5666,HATE
hi_hasoc_2021_5671,OFFN
hi_hasoc_2021_5681,PRFN
hi_hasoc_2021_5683,OFFN
hi_hasoc_2021_5685,HATE
hi_hasoc_2021_5687,HATE
hi_hasoc_2021_5689,OFFN
hi_hasoc_2021_5697,OFFN
hi_hasoc_2021_5700,HATE
hi_hasoc_2021_5703,PRFN
hi_hasoc_2021_5707,OFFN
hi_hasoc_2021_5708,HATE
hi_hasoc_2021_5713,HATE
hi_hasoc_2021_5721,NONE
hi_hasoc_2021_5728,OFFN
hi_hasoc_2021_5729,OFFN
hi_hasoc_2021_5733,OFFN
hi_hasoc_2021_5734,OFFN
hi_hasoc_2021_5740,HATE
hi_hasoc_2021_5742,HATE
hi_hasoc_2021_5743,OFFN
hi_hasoc_2021_5751,OFFN
hi_hasoc_2021_5753,OFFN
hi_hasoc_2021_5755,OFFN
hi_hasoc_2021_5760,OFFN
hi_hasoc_2021_5762,HATE
hi_hasoc_2021_5768,NONE
hi_hasoc_2021_5771,NONE
hi_hasoc_2021_5777,HATE
hi_hasoc_2021_5783,OFFN
hi_hasoc_2021_5784,OFFN
hi_hasoc_2021_5787,HATE
hi_hasoc_2021_5788,OFFN
hi_hasoc_2021_5801,NONE
hi_hasoc_2021_5810,HATE
hi_hasoc_2021_5811,HATE
hi_hasoc_2021_5814,PRFN
hi_hasoc_2021_5816,HATE
hi_hasoc_2021_5824,HATE
hi_hasoc_2021_5831,HATE
hi_hasoc_2021_5840,NONE
hi_hasoc_2021_5841,PRFN
hi_hasoc_2021_5843,HATE
hi_hasoc_2021_5845,NONE
hi_hasoc_2021_5849,OFFN
hi_hasoc_2021_5855,OFFN
hi_hasoc_2021_5856,HATE
hi_hasoc_2021_5860,NONE
hi_hasoc_2021_5861,HATE
hi_hasoc_2021_5862,HATE
hi_hasoc_2021_5865,OFFN
hi_hasoc_2021_5870,HATE
hi_hasoc_2021_5872,PRFN
hi_hasoc_2021_5873,PRFN
hi_hasoc_2021_5876,NONE
hi_hasoc_2021_5878,HATE
hi_hasoc_2021_5887,PRFN
hi_hasoc_2021_5889,OFFN
hi_hasoc_2021_5899,HATE
hi_hasoc_2021_5901,PRFN
hi_hasoc_2021_5904,OFFN
hi_hasoc_2021_5906,NONE
hi_hasoc_2021_5907,OFFN
hi_hasoc_2021_5908,HATE
hi_hasoc_2021_5909,PRFN
hi_hasoc_2021_5921,NONE
hi_hasoc_2021_5922,NONE
hi_hasoc_2021_5925,PRFN
hi_hasoc_2021_5928,NONE
hi_hasoc_2021_5930,OFFN
hi_hasoc_2021_5931,OFFN
hi_hasoc_2021_5935,OFFN
hi_hasoc_2021_5938,OFFN
hi_hasoc_2021_5941,HATE
hi_hasoc_2021_5943,PRFN
hi_hasoc_2021_5945,HATE
hi_hasoc_2021_5947,NONE
hi_hasoc_2021_5953,OFFN
hi_hasoc_2021_5956,HATE
hi_hasoc_2021_5958,OFFN
hi_hasoc_2021_5960,PRFN
hi_hasoc_2021_5962,OFFN
hi_hasoc_2021_5964,NONE
hi_hasoc_2021_5966,NONE
hi_hasoc_2021_5971,PRFN
hi_hasoc_2021_5975,OFFN
hi_hasoc_2021_5977,NONE
hi_hasoc_2021_5978,OFFN
hi_hasoc_2021_5979,HATE
hi_hasoc_2021_5980,HATE
hi_hasoc_2021_5996,OFFN
hi_hasoc_2021_5998,OFFN
hi_hasoc_2021_6000,OFFN
hi_hasoc_2021_6014,HATE
hi_hasoc_2021_6015,HATE
hi_hasoc_2021_6016,OFFN
hi_hasoc_2021_6021,NONE
hi_hasoc_2021_6022,OFFN
hi_hasoc_2021_6027,HATE
hi_hasoc_2021_6029,OFFN
hi_hasoc_2021_6035,NONE
hi_hasoc_2021_6039,PRFN
hi_hasoc_2021_6040,NONE
hi_hasoc_2021_6047,OFFN
hi_hasoc_2021_6054,PRFN
hi_hasoc_2021_6055,NONE
hi_hasoc_2021_6059,HATE
hi_hasoc_2021_6066,OFFN
hi_hasoc_2021_6067,HATE
hi_hasoc_2021_6070,NONE
hi_hasoc_2021_6075,NONE
hi_hasoc_2021_6083,OFFN
hi_hasoc_2021_6086,HATE
hi_hasoc_2021_6089,HATE
hi_hasoc_2021_6096,NONE
hi_hasoc_2021_6101,HATE
hi_hasoc_2021_6102,HATE
hi_hasoc_2021_6105,NONE
hi_hasoc_2021_6116,OFFN
hi_hasoc_2021_6117,NONE
hi_hasoc_2021_6123,OFFN
hi_hasoc_2021_6124,NONE
hi_hasoc_2021_6126,OFFN
